{"cameraMode":{"drawMode":0,"name":"Shaded","section":"Shading Mode"},"sceneLighting":true,"audioPlay":false,"sceneViewState":{"showFog":true,"showMaterialUpdate":false,"showSkybox":true,"showFlares":true,"showImageEffects":true,"showParticleSystems":true},"in2DMode":false,"pivot":{"x":-0.3197292685508728,"y":-0.16176395118236543,"z":1.7172482013702393},"rotation":{"x":-0.06505479663610459,"y":0.1895187348127365,"z":-0.012585376389324665,"w":-0.9796393513679504},"size":1.9052870273590088,"orthographic":false}